edc_id,branch_id,name,surname,email_address,phone_n,collect_date
0,10,Sadie,RAY,,123456864,2020-08-10 23:05:07.649978
1,2,Oliver,RICH,oliver_rich@gmail.com,123456836,2021-05-27 09:50:11.877718
2,10,Courtney,PARRA,,123456832,2020-08-28 16:07:43.166438
3,10,Imogen,FRANKLIN,imogenfranklin@gmail.com,123456842,2021-02-24 14:04:22.218037
4,10,Anna,STONE,,,2021-03-20 02:45:10.316762
5,10,Colin,BENNETT,colinbennett@icloud.com,123456840,2021-11-14 18:33:05.240916
6,10,Amanda,BRIGGS,amanda.briggs@icloud.com,123456887,2021-05-23 18:04:38.476442
7,1,Myles,NEAL,,123456821,2020-12-18 20:27:39.653991
8,10,Callum,WRIGHT,callum_wright@gmail.com,123456890,2020-05-02 16:03:12.734839
9,10,Colin,BENNETT,colinbennett@icloud.com,123456840,2021-09-06 00:19:09.637300
10,10,Elijah,DALTON,elijah_dalton@icloud.com,123456914,2020-12-07 17:45:44.768365
11,2,Nicola,MADDEN,nicola_madden@gmail.com,123456878,2020-09-01 10:41:53.556283
12,2,Kaiden,SHAH,kaiden.shah@yahoo.com,123456903,2020-10-01 19:00:07.135744
13,2,Alba,STEWART,albastewart@hotmail.com,,2021-02-03 08:42:27.007845
14,1,Sadie,RAY,sadie.ray@hotmail.com,123456864,2020-07-22 14:46:22.196834
15,2,Jake,NORTON,jake.norton@icloud.com,123456861,2020-11-13 09:51:13.575910
16,1,Alana,OCONNELL,,123456844,2020-08-14 15:44:20.917751
17,10,Greig,SHAFFER,greig.shaffer@hotmail.com,123456868,2021-04-12 13:32:33.509890
18,10,Sophie,MCFARLAND,sophie_mcfarland@yahoo.com,123456841,2021-09-06 03:51:14.884678
19,2,Amanda,BRIGGS,,,2021-05-07 21:02:07.444075
20,10,Gary,LAMBERT,gary.lambert@gmail.com,,2021-02-28 22:42:51.481576
21,10,Kaitlin,JENSEN,kaitlin.jensen@gmail.com,123456792,2021-02-04 04:32:10.020133
22,10,Grayson,LIU,grayson_liu@yahoo.com,,2021-08-12 21:07:44.789258
23,10,Harvey,SMALL,,123456874,2021-09-23 03:27:47.065469
24,1,Sonny,MERCADO,sonny_mercado@hotmail.com,123456805,2021-10-17 14:11:10.656230
25,1,Indie,PITTS,indie.pitts@icloud.com,,2021-08-12 12:40:42.597686
26,1,Amanda,BRIGGS,amanda.briggs@icloud.com,,2021-08-04 05:31:57.778998
27,10,Orla,GREENE,orla.greene@gmail.com,123456901,2021-11-01 03:21:16.760661
28,1,Ben,MERCADO,ben_mercado@gmail.com,,2020-08-03 02:09:07.700777
29,2,Kara,WRIGHT,karawright@gmail.com,,2020-12-27 00:03:09.995599
30,10,Jane,BOWEN,janebowen@hotmail.com,,2020-05-13 03:53:58.787580
31,10,George,JENSEN,george_jensen@icloud.com,123456790,2020-09-19 05:35:39.996707
32,10,Sarah,GAINES,sarah_gaines@gmail.com,,2020-06-24 13:38:20.637884
33,2,Patrick,MERCADO,patrickmercado@hotmail.com,123456803,2021-03-11 15:49:52.395053
34,2,Blake,SHAFFER,blake_shaffer@yahoo.com,,2021-08-17 23:44:07.255460
35,1,Amanda,BRIGGS,amanda.briggs@icloud.com,123456887,2021-06-30 17:33:28.233736
36,10,Kai,PARRA,kaiparra@icloud.com,,2021-05-17 03:19:40.664365
37,1,Alan,PARRA,alan_parra@yahoo.com,123456834,2021-04-10 01:54:29.823007
38,10,Leigh,LAMBERT,,123456807,2021-08-11 07:20:40.221819
39,1,Kai,PARRA,,,2020-05-12 01:04:54.292671
40,2,Jane,BOWEN,,123456852,2021-10-26 23:25:49.865747
41,10,Kayden,BOYER,,,2021-07-27 08:53:59.610978
42,10,Gary,LAMBERT,gary.lambert@gmail.com,,2021-01-02 11:27:34.782144
43,10,Aoife,OWENS,,123456900,2020-10-15 21:47:12.343309
44,10,Alana,MCCARTHY,alanamccarthy@icloud.com,123456800,2020-10-22 01:06:12.422599
45,1,Alana,MCCARTHY,alanamccarthy@icloud.com,123456800,2021-01-30 20:29:01.843543
46,1,Alana,OCONNELL,,123456844,2020-08-17 22:01:29.191726
47,2,Barrie,BRIGGS,,123456885,2020-10-09 23:27:16.203943
48,2,Adrian,JARAMILLO,,,2021-01-13 22:32:13.726700
49,1,Frank,CLARKE,frank_clarke@yahoo.com,123456896,2020-07-23 03:30:18.197467
50,2,Amy,MADDEN,amymadden@yahoo.com,123456879,2020-10-07 00:44:55.366408
51,1,Jenna,MCCARTHY,jenna.mccarthy@gmail.com,123456799,2021-06-01 17:55:58.355159
52,2,Antony,HAYNES,,123456854,2021-07-13 13:50:52.437479
53,2,Harvey,SMALL,,123456874,2021-09-13 22:43:36.763663
54,1,Alexander,LAMBERT,alexander_lambert@icloud.com,,2021-02-25 14:40:31.103108
55,1,Kaitlin,JENSEN,kaitlin.jensen@gmail.com,123456792,2021-01-03 22:22:26.275669
56,2,Anna,STONE,annastone@gmail.com,123456884,2020-12-30 04:18:52.327941
57,10,Gary,LAMBERT,gary.lambert@gmail.com,123456809,2020-05-11 13:58:38.596953
58,2,Aoife,OWENS,aoifeowens@yahoo.com,123456900,2021-11-11 10:23:22.095183
59,1,Kayden,BOYER,,123456815,2020-12-10 15:44:12.544857
60,2,Frank,CLARKE,frank_clarke@yahoo.com,123456896,2021-03-25 09:56:40.762639
61,2,Lyndsey,BERNAL,lyndseybernal@gmail.com,123456793,2020-09-18 00:42:33.574386
62,1,Linsey,NIELSEN,,123456880,2021-09-13 04:14:01.174932
63,10,Alexander,LAMBERT,alexander_lambert@icloud.com,123456808,2020-12-09 14:05:10.825085
64,1,Oliver,RICH,oliver_rich@gmail.com,123456836,2020-09-07 11:51:19.376007
65,2,Lucas,NEAL,lucas.neal@icloud.com,123456823,2021-05-18 17:26:51.466981
66,1,Greig,SHAFFER,,123456868,2021-05-12 07:12:53.234839
67,10,Jaxon,BOYER,jaxonboyer@icloud.com,,2021-03-21 17:03:27.378892
68,10,Amelia,DORSEY,amelia.dorsey@yahoo.com,123456871,2021-08-07 13:18:53.662208
69,2,Harvey,SMALL,harveysmall@hotmail.com,123456874,2020-05-03 00:18:51.233824
70,1,Campbell,RIVERS,,,2021-01-17 04:23:28.966181
71,2,Adrian,JARAMILLO,,123456894,2020-07-08 18:11:20.259741
72,10,Christine,NGUYEN,christinenguyen@icloud.com,123456904,2020-10-17 13:24:14.514861
73,2,Linsey,NIELSEN,linsey.nielsen@yahoo.com,123456880,2021-11-15 01:08:46.618617
74,10,Jenna,MCCARTHY,,123456799,2021-01-03 12:33:51.215970
75,2,Christine,NGUYEN,,123456904,2021-01-13 20:54:38.480891
76,1,Jake,NORTON,jake.norton@icloud.com,123456861,2021-06-02 10:38:24.653981
77,1,Francis,NIELSEN,,123456881,2021-09-04 04:22:46.449733
78,10,Alana,OCONNELL,alanaoconnell@icloud.com,123456844,2021-09-24 05:50:24.579607
79,1,Pauline,MURILLO,paulinemurillo@yahoo.com,123456827,2020-07-31 19:22:10.153772
80,1,Amelia,DORSEY,amelia.dorsey@yahoo.com,123456871,2020-07-10 15:45:39.324173
81,1,Patrick,MERCADO,patrickmercado@hotmail.com,123456803,2020-09-20 22:29:32.873268
82,10,Anne,MCGEE,anne_mcgee@gmail.com,123456826,2021-09-11 13:35:10.025319
83,1,Lyndsey,BERNAL,lyndseybernal@gmail.com,123456793,2020-11-21 17:21:59.704418
84,1,Olivia,LIU,olivia.liu@icloud.com,123456816,2020-07-20 11:14:31.595104
85,10,Francis,NIELSEN,francisnielsen@gmail.com,,2020-12-21 23:54:17.543943
86,2,Kim,SHAFFER,kim_shaffer@icloud.com,123456867,2021-06-03 10:42:24.869494
87,1,Katherine,ANDERSEN,katherine.andersen@yahoo.com,123456851,2021-11-14 11:52:01.144348
88,2,Anne,MCGEE,anne_mcgee@gmail.com,123456826,2021-01-29 12:05:54.913447
89,1,Gary,LAMBERT,,123456809,2021-11-13 17:57:22.689495
90,10,Hannah,DORSEY,hannah_dorsey@gmail.com,123456872,2020-08-19 21:55:15.843682
91,1,Taylor,NEAL,taylorneal@yahoo.com,123456824,2021-09-30 14:46:19.113390
92,10,Luca,MACK,lucamack@icloud.com,123456845,2020-12-23 12:46:03.525986
93,2,Patrick,MERCADO,,123456803,2020-10-26 13:44:24.249611
94,2,Kaiden,SHAH,kaiden.shah@yahoo.com,123456903,2021-09-09 13:43:41.808241
95,2,Kara,WRIGHT,karawright@gmail.com,123456891,2021-02-01 09:21:27.835301
96,10,Harvey,SMALL,harveysmall@hotmail.com,,2021-07-25 12:25:00.851698
97,10,Arthur,LAMBERT,arthur.lambert@yahoo.com,123456810,2020-12-01 16:58:08.813446
98,1,Robbie,LAMBERT,robbielambert@yahoo.com,,2021-09-01 20:33:01.823016
99,10,Amanda,BRIGGS,amanda.briggs@icloud.com,123456887,2021-02-03 16:33:06.671437
100,1,Jane,BOWEN,janebowen@hotmail.com,123456852,2020-07-13 20:49:46.956716
101,1,Katherine,ANDERSEN,katherine.andersen@yahoo.com,,2021-02-16 19:29:11.040382
102,1,Clare,MACDONALD,claremacdonald@icloud.com,123456829,2020-07-09 09:30:42.188820
103,1,Hallie,NEAL,hallieneal@hotmail.com,,2021-02-24 15:01:53.027664
104,1,Hannah,DORSEY,hannah_dorsey@gmail.com,123456872,2021-03-03 19:02:23.434480
105,1,Jane,BOWEN,janebowen@hotmail.com,123456852,2021-09-06 05:20:39.880462
106,2,Francis,NIELSEN,francisnielsen@gmail.com,,2020-09-13 11:59:25.086305
107,10,Jason,RAY,jason_ray@yahoo.com,123456865,2020-10-19 20:07:37.466373
108,2,Sadie,RAY,sadie.ray@hotmail.com,,2020-12-13 00:28:25.226400
109,2,Ellen,HAYNES,,123456853,2021-05-08 14:54:50.309593
110,1,Heidi,NUNEZ,heidi.nunez@gmail.com,,2020-05-27 20:23:00.793001
111,2,Euan,BISHOP,,,2020-05-16 05:50:43.044379
112,10,Patrick,MERCADO,patrickmercado@hotmail.com,,2020-11-18 23:21:11.377717
113,2,Robert,BERNAL,robert_bernal@hotmail.com,,2020-10-11 00:28:35.468448
114,2,Lachlan,SHAFFER,lachlan_shaffer@gmail.com,,2021-07-20 04:40:55.312198
115,10,Sophie,MCFARLAND,,,2020-09-09 23:59:00.739564
116,10,Alyssa,RICHARD,alyssarichard@icloud.com,123456898,2020-08-18 03:17:16.487868
117,10,Amelia,DORSEY,,123456871,2021-07-07 19:50:26.446616
118,10,Ben,MERCADO,,123456804,2021-01-10 10:25:12.078909
119,10,Leigh,LAMBERT,,123456807,2021-03-23 16:41:57.033627
120,2,Kai,PARRA,,123456831,2021-10-10 17:12:50.574732
121,2,Barrie,MCCARTHY,barrie_mccarthy@icloud.com,123456801,2021-07-21 22:46:51.554085
122,1,Matthew,BARTLETT,matthewbartlett@gmail.com,123456795,2021-04-14 07:49:31.642803
123,2,Conner,REYES,,123456899,2021-07-26 02:50:45.756060
124,10,Kaitlin,JENSEN,,,2020-12-10 16:31:59.039216
125,1,Alba,STEWART,albastewart@hotmail.com,,2021-09-05 23:42:34.616121
126,10,Sophie,MCFARLAND,,,2021-10-26 14:53:29.537572
127,10,Sonny,MERCADO,sonny_mercado@hotmail.com,123456805,2020-07-06 09:18:56.877869
128,1,Calvin,LIU,,,2021-03-08 16:15:55.099605
129,1,Steven,PARRA,,123456835,2020-10-28 06:32:51.444678
130,2,Nicola,MADDEN,,123456878,2020-07-20 06:31:19.051847
131,1,Ellen,HAYNES,ellen_haynes@icloud.com,123456853,2020-09-09 07:35:28.710341
132,1,Lucas,NEAL,lucas.neal@icloud.com,,2020-12-06 06:17:53.939262
133,10,Willow,DORSEY,willowdorsey@hotmail.com,123456873,2021-01-29 19:26:22.330919
134,2,Steven,PARRA,steven_parra@hotmail.com,,2021-08-25 09:00:54.154652
135,10,Stacy,JARAMILLO,stacy.jaramillo@yahoo.com,123456892,2020-12-24 18:54:31.529505
136,10,Kyle,NUNEZ,kyle_nunez@icloud.com,123456856,2021-09-03 19:26:53.871887
137,2,Sonny,MERCADO,sonny_mercado@hotmail.com,123456805,2020-11-07 23:00:45.411510
138,10,Kayden,BOYER,kayden_boyer@icloud.com,123456815,2021-08-27 04:42:23.660234
139,2,Anna,STONE,,123456884,2020-07-01 19:58:00.720269
140,10,Blake,SHAFFER,blake_shaffer@yahoo.com,,2020-09-24 22:13:00.125142
141,1,George,JENSEN,,123456790,2021-05-30 10:08:15.996984
142,2,Kim,SHAFFER,kim_shaffer@icloud.com,123456867,2021-10-17 13:27:54.675633
143,2,Willow,DORSEY,willowdorsey@hotmail.com,123456873,2020-06-23 23:14:49.139312
144,1,Adrian,JARAMILLO,adrian.jaramillo@gmail.com,123456894,2020-12-28 21:21:42.686758
145,2,Steven,PARRA,steven_parra@hotmail.com,,2020-12-24 13:16:57.716232
146,2,Lachlan,SHAFFER,lachlan_shaffer@gmail.com,123456869,2021-03-06 02:25:56.845220
147,1,Casey,BRIGGS,,,2021-02-13 11:22:45.386158
148,10,Robin,BOYER,,,2020-05-13 05:39:31.922075
149,1,Jake,NORTON,jake.norton@icloud.com,123456861,2020-06-12 23:40:48.186343
150,10,Rose,WRIGHT,rose.wright@yahoo.com,123456889,2021-08-15 19:31:06.952439
151,1,Orla,STONE,orla.stone@gmail.com,123456883,2021-07-25 17:58:01.238304
152,2,Linsey,NIELSEN,linsey.nielsen@yahoo.com,123456880,2021-09-17 23:05:11.932507
153,2,Gerard,KRAMER,gerard_kramer@gmail.com,,2020-05-05 11:04:06.978699
154,10,Alba,STEWART,,123456895,2021-06-26 23:47:57.057205
155,1,Jake,MCCARTHY,jake.mccarthy@hotmail.com,123456798,2021-07-03 18:22:02.108943
156,2,Robbie,LAMBERT,robbielambert@yahoo.com,,2021-02-04 12:35:41.213900
157,10,Amy,MADDEN,,123456879,2020-10-06 12:38:55.520305
158,2,Cora,LIU,coraliu@gmail.com,123456818,2021-10-04 15:12:44.301348
159,2,Stacy,JARAMILLO,,123456892,2021-02-25 11:46:31.818812
160,2,Antony,HAYNES,antonyhaynes@gmail.com,123456854,2020-06-30 11:26:14.358951
161,2,Katherine,ANDERSEN,katherine.andersen@yahoo.com,,2021-07-24 23:15:53.193620
162,2,Casey,BRIGGS,casey_briggs@gmail.com,,2020-10-29 20:36:08.735436
163,2,Adrian,JARAMILLO,,123456894,2020-07-24 00:17:55.270166
164,2,Gerard,KRAMER,gerard_kramer@gmail.com,123456850,2021-10-15 22:54:55.307065
165,10,Rachel,BARTLETT,rachelbartlett@hotmail.com,123456796,2020-07-24 21:40:05.252889
166,2,Quinn,MAGANA,quinnmagana@yahoo.com,123456838,2021-03-07 17:32:31.759787
167,1,Alana,MCCARTHY,,123456800,2020-08-16 11:01:05.920211
168,10,Roy,MARKS,roy.marks@gmail.com,123456897,2020-11-20 21:11:04.721484
169,2,Kai,PARRA,kaiparra@icloud.com,123456831,2020-11-18 13:55:41.412971
170,10,Clare,MACDONALD,claremacdonald@icloud.com,123456829,2021-04-03 22:25:20.994817
171,1,Roy,MARKS,,123456897,2021-08-23 22:17:10.229860
172,10,Logan,NUNEZ,logan.nunez@hotmail.com,123456859,2020-07-30 19:18:06.565024
173,10,Peter,ROMERO,,,2020-07-17 05:48:33.433640
174,2,Hallie,NEAL,hallieneal@hotmail.com,123456822,2021-09-11 12:46:47.539333
175,1,Thomas,MURILLO,,123456909,2021-04-06 05:16:31.639367
176,10,Conner,REYES,conner.reyes@gmail.com,123456899,2020-07-22 08:25:01.672462
177,10,Scott,LIU,,123456817,2021-07-30 19:32:24.889615
178,1,Christine,NGUYEN,christinenguyen@icloud.com,,2021-09-14 19:17:24.726571
179,2,Linsey,MCGEE,linsey.mcgee@icloud.com,123456825,2021-07-05 17:52:22.755775
180,2,Kaitlin,JENSEN,kaitlin.jensen@gmail.com,123456792,2021-07-11 22:58:22.392275
181,2,Alexander,LAMBERT,alexander_lambert@icloud.com,123456808,2021-09-26 10:24:57.741859
182,2,Sonny,MERCADO,sonny_mercado@hotmail.com,123456805,2021-07-01 18:20:10.573690
183,1,Amanda,BRIGGS,amanda.briggs@icloud.com,123456887,2021-08-05 19:00:40.614715
184,10,Kerry,BOYER,kerryboyer@yahoo.com,123456813,2020-11-12 05:57:18.062584
185,1,Linsey,MCGEE,linsey.mcgee@icloud.com,,2020-06-28 14:23:55.339127
186,1,Jaxon,BOYER,,,2021-07-08 01:55:34.912211
187,10,Steven,PARRA,,123456835,2020-08-25 11:43:12.606573
188,1,Amy,MADDEN,amymadden@yahoo.com,,2021-05-26 22:25:11.857171
189,10,Sara,GIBSON,saragibson@icloud.com,,2020-10-03 06:44:55.721153
190,1,Greg,PARRA,greg_parra@yahoo.com,123456833,2020-06-24 17:23:14.320346
191,2,Rose,WRIGHT,rose.wright@yahoo.com,123456889,2021-07-13 21:46:25.851502
192,2,Gary,LAMBERT,gary.lambert@gmail.com,123456809,2021-04-18 06:21:51.238707
193,2,Hannah,DORSEY,hannah_dorsey@gmail.com,,2020-06-19 15:08:08.439552
194,10,Barrie,BRIGGS,barriebriggs@icloud.com,123456885,2021-05-12 10:53:14.867298
195,2,Amy,MADDEN,amymadden@yahoo.com,,2021-11-19 08:43:32.379491
196,1,Amelia,HAYNES,amelia.haynes@icloud.com,123456855,2021-01-02 20:43:51.298977
197,1,Lena,SMALL,lena.small@gmail.com,,2021-02-19 14:47:29.348889
198,1,Alyssa,RICHARD,alyssarichard@icloud.com,,2021-06-24 04:48:05.406626
199,1,Logan,NUNEZ,logan.nunez@hotmail.com,123456859,2021-02-26 12:39:06.165764
200,2,Heidi,NUNEZ,,,2020-12-29 01:50:16.628412
201,2,Alan,PARRA,alan_parra@yahoo.com,123456834,2021-04-11 15:51:04.720661
202,10,Logan,NUNEZ,logan.nunez@hotmail.com,123456859,2021-05-18 21:29:01.717597
203,2,Jason,RAY,jason_ray@yahoo.com,123456865,2020-09-05 20:06:35.513435
204,10,Orla,GREENE,orla.greene@gmail.com,123456901,2021-09-13 19:11:12.695071
205,10,Amelia,HAYNES,amelia.haynes@icloud.com,123456855,2020-06-14 18:51:50.898635
206,10,Blake,SHAFFER,,,2020-11-12 08:16:19.085321
207,2,Scott,NIELSEN,scottnielsen@yahoo.com,123456882,2021-02-26 04:27:23.722703
208,1,Maya,GLOVER,mayaglover@hotmail.com,,2020-10-24 12:27:13.333524
209,2,Jane,BOWEN,janebowen@hotmail.com,123456852,2021-10-19 19:00:44.239028
210,2,Gerard,KRAMER,gerard_kramer@gmail.com,123456850,2020-11-23 22:59:00.389762
211,2,Jane,BOWEN,janebowen@hotmail.com,,2021-10-13 12:01:56.772151
212,2,Kara,WRIGHT,karawright@gmail.com,,2020-06-26 06:47:29.713713
213,10,Kayden,BOYER,kayden_boyer@icloud.com,123456815,2021-07-02 22:47:31.142003
214,2,Orla,STONE,orla.stone@gmail.com,123456883,2021-11-17 11:00:20.149607
215,2,Cora,LIU,,123456818,2021-04-17 17:21:45.917835
216,10,Jake,MCCARTHY,jake.mccarthy@hotmail.com,123456798,2021-04-06 12:34:17.573455
217,2,Natalie,SMALL,natalie_small@hotmail.com,123456877,2021-09-02 20:51:55.375947
218,2,Pauline,MURILLO,paulinemurillo@yahoo.com,,2021-06-11 23:48:33.091154
219,1,Barrie,BRIGGS,barriebriggs@icloud.com,123456885,2020-05-06 01:56:17.626781
220,10,Jaxon,BOYER,,123456811,2020-08-13 16:59:38.561011
221,10,Greig,SHAFFER,greig.shaffer@hotmail.com,123456868,2020-09-25 05:04:15.631685
222,1,Jill,BOYER,jill_boyer@icloud.com,,2020-11-21 10:02:53.209786
223,10,Maya,GLOVER,mayaglover@hotmail.com,123456848,2021-05-27 18:27:53.599195
224,1,Patrick,MERCADO,,123456803,2020-07-11 01:39:30.935193
225,10,Alana,OCONNELL,alanaoconnell@icloud.com,,2021-08-14 15:10:05.785769
226,2,Natalie,SMALL,natalie_small@hotmail.com,123456877,2020-07-06 10:39:35.763335
227,10,Orla,STONE,orla.stone@gmail.com,,2020-05-19 03:25:01.785367
228,2,Willow,DORSEY,willowdorsey@hotmail.com,123456873,2020-05-21 06:25:50.453019
229,1,Jake,NORTON,,123456861,2021-05-15 03:47:16.141529
230,2,Ronan,WEBSTER,ronanwebster@gmail.com,123456910,2020-10-14 15:54:23.904616
231,1,Luca,MACK,lucamack@icloud.com,123456845,2020-07-21 16:04:52.800520
232,2,Casey,BRIGGS,casey_briggs@gmail.com,123456886,2021-10-08 08:16:13.500572
233,2,Casey,BRIGGS,casey_briggs@gmail.com,123456886,2021-05-05 17:12:40.054264
234,1,Nova,SMALL,,,2021-05-19 21:10:04.768535
235,10,Amelia,HAYNES,amelia.haynes@icloud.com,123456855,2021-05-10 14:21:48.172942
236,2,Alana,OCONNELL,alanaoconnell@icloud.com,,2020-09-09 01:16:11.917504
237,10,Alyssa,RICHARD,alyssarichard@icloud.com,123456898,2020-10-14 04:21:41.908598
238,1,Robin,BOYER,,123456814,2021-08-02 08:17:10.285523
239,1,Luca,MACK,lucamack@icloud.com,123456845,2021-03-13 02:28:55.910798
240,10,Robert,BERNAL,,123456794,2021-10-20 13:44:12.554358
241,2,Sarah,GAINES,sarah_gaines@gmail.com,123456908,2020-12-19 02:01:45.215050
242,10,Aoife,OWENS,aoifeowens@yahoo.com,,2021-01-30 13:56:50.510574
243,1,Euan,BISHOP,euanbishop@gmail.com,123456911,2020-10-06 13:58:12.781363
244,2,Cole,JENSEN,colejensen@gmail.com,,2021-10-08 06:38:23.495255
245,1,Cora,LIU,coraliu@gmail.com,123456818,2020-12-27 16:50:06.028920
246,2,Calvin,LIU,calvin_liu@gmail.com,,2020-09-27 15:19:48.106912
247,1,Sara,GIBSON,,,2020-11-22 19:21:35.822412
248,2,Stacy,JARAMILLO,stacy.jaramillo@yahoo.com,123456892,2021-05-16 17:35:05.841377
249,10,Amanda,BRIGGS,amanda.briggs@icloud.com,123456887,2020-07-24 06:12:33.412228
250,2,Alyssa,RICHARD,alyssarichard@icloud.com,,2020-07-28 01:00:54.454581
251,10,Indie,PITTS,indie.pitts@icloud.com,123456837,2020-11-03 12:59:43.963246
252,10,Elijah,BARTLETT,elijah.bartlett@hotmail.com,,2021-01-04 13:28:15.204334
253,1,Elijah,BARTLETT,elijah.bartlett@hotmail.com,123456797,2020-06-14 08:42:39.404173
254,1,Oliver,RICH,,123456836,2020-11-10 22:32:58.678434
255,1,Matthew,BARTLETT,matthewbartlett@gmail.com,,2021-06-28 14:50:17.904833
256,2,Stacy,JARAMILLO,stacy.jaramillo@yahoo.com,123456892,2021-01-23 04:57:22.125182
257,2,Taylor,RAY,taylor.ray@icloud.com,123456862,2020-12-24 07:10:55.342366
258,10,Hannah,DORSEY,hannah_dorsey@gmail.com,123456872,2021-05-14 10:16:19.080416
259,2,Oliver,RICH,oliver_rich@gmail.com,123456836,2021-10-12 14:13:54.833594
260,10,Blake,SHAFFER,blake_shaffer@yahoo.com,,2021-09-15 06:39:57.379752
261,1,Amanda,BRIGGS,amanda.briggs@icloud.com,123456887,2021-04-14 07:25:01.243156
262,10,Heidi,NUNEZ,heidi.nunez@gmail.com,,2020-12-10 08:42:05.381353
263,1,Nicola,MADDEN,nicola_madden@gmail.com,,2021-01-28 04:32:11.387054
264,2,Kara,WRIGHT,karawright@gmail.com,,2021-11-02 04:21:40.629375
265,1,Stewart,MURILLO,,123456828,2020-11-24 10:24:45.373882
266,2,Lyndsey,BERNAL,lyndseybernal@gmail.com,123456793,2020-05-27 08:47:05.013056
267,1,Colin,BENNETT,,123456840,2021-09-29 12:55:44.338247
268,1,Cora,LIU,coraliu@gmail.com,123456818,2021-06-01 19:28:19.565759
269,2,Taylor,RAY,,,2021-08-24 02:00:03.801869
270,1,Katherine,ANDERSEN,katherine.andersen@yahoo.com,123456851,2021-07-19 12:37:43.531164
271,10,Jake,MCCARTHY,,123456798,2020-06-17 04:56:04.901589
272,1,Nova,SMALL,nova_small@yahoo.com,123456875,2021-07-07 18:26:37.205685
273,1,Indie,PITTS,indie.pitts@icloud.com,123456837,2020-10-19 10:19:29.653797
274,2,Francis,NIELSEN,,,2020-12-24 02:14:19.206068
275,1,Colin,BENNETT,,123456840,2020-12-21 17:53:37.405159
276,10,Kai,PARRA,,123456831,2020-10-26 03:31:30.793382
277,1,Campbell,RIVERS,campbell_rivers@hotmail.com,,2020-07-21 05:51:00.255955
278,10,Alexander,LAMBERT,alexander_lambert@icloud.com,,2020-10-28 04:09:20.787557
279,10,Kayden,BOYER,kayden_boyer@icloud.com,123456815,2020-07-31 14:32:16.135713
280,10,Hazel,FARLEY,hazel_farley@icloud.com,123456913,2020-12-11 07:31:18.102648
281,1,Anne,MCGEE,anne_mcgee@gmail.com,123456826,2021-06-04 13:33:33.946047
282,2,Katherine,ANDERSEN,katherine.andersen@yahoo.com,123456851,2021-06-25 15:34:14.164804
283,10,Elijah,DALTON,elijah_dalton@icloud.com,,2021-10-03 07:57:33.790135
284,10,Alexander,LAMBERT,alexander_lambert@icloud.com,123456808,2021-07-07 20:11:28.636933
285,10,Calvin,LIU,calvin_liu@gmail.com,123456819,2021-09-06 13:42:27.672717
286,2,Duncan,BENTLEY,duncan.bentley@gmail.com,123456907,2020-11-10 22:41:39.695653
287,1,Orla,GREENE,,,2020-05-21 01:53:35.746799
288,1,Amelia,DORSEY,,123456871,2020-08-13 04:44:34.444703
289,2,Hallie,NEAL,hallieneal@hotmail.com,123456822,2021-07-04 04:17:45.586826
290,1,Sadie,RAY,sadie.ray@hotmail.com,123456864,2021-01-30 04:37:51.566944
291,2,Alyssa,RICHARD,,123456898,2021-10-02 09:06:57.859522
292,2,Kerry,BOYER,,,2020-08-09 03:08:04.650714
293,1,Rachael,FOSTER,rachael.foster@icloud.com,123456839,2020-08-14 10:34:58.298424
294,10,Olivia,LIU,olivia.liu@icloud.com,123456816,2021-04-18 14:55:08.255180
295,2,Linsey,MCGEE,,,2020-05-05 22:40:08.517949
296,10,Kai,PARRA,kaiparra@icloud.com,,2020-08-18 01:19:50.373633
297,2,Barrie,BRIGGS,,123456885,2021-08-11 23:02:53.223097
298,1,Sara,GIBSON,,123456847,2021-04-10 18:09:34.861493
299,2,Amelia,HAYNES,amelia.haynes@icloud.com,123456855,2021-11-03 17:20:26.409494
300,1,Blake,SHAFFER,,123456866,2021-02-22 02:00:29.314456
301,2,Alana,MCCARTHY,alanamccarthy@icloud.com,123456800,2021-08-16 12:19:19.358441
302,1,Hallie,NEAL,hallieneal@hotmail.com,123456822,2021-08-25 17:59:46.054906
303,10,Steven,PARRA,steven_parra@hotmail.com,,2020-05-04 18:24:41.365953
304,10,Lena,SMALL,lena.small@gmail.com,123456876,2021-05-25 23:29:27.318696
305,10,Jade,ANDRADE,,123456912,2020-08-06 05:00:17.028557
306,10,Stacy,JARAMILLO,,123456892,2021-11-08 13:12:56.795630
307,2,Heidi,NUNEZ,,,2021-03-21 03:14:28.669024
308,1,Leigh,LAMBERT,leigh.lambert@yahoo.com,123456807,2021-07-29 05:03:39.056421
309,2,Gerard,KRAMER,gerard_kramer@gmail.com,,2021-07-29 05:32:25.892937
310,10,Sarah,GAINES,sarah_gaines@gmail.com,123456908,2021-01-15 04:53:51.496300
311,1,Linsey,MCGEE,linsey.mcgee@icloud.com,123456825,2020-10-31 15:13:19.111534
312,10,Alyssa,RICHARD,,,2020-12-27 10:06:29.430450
313,1,Gary,LAMBERT,gary.lambert@gmail.com,123456809,2020-06-24 12:47:23.337878
314,1,Barrie,MCCARTHY,,,2020-05-05 15:56:25.740883
315,1,Hazel,FARLEY,,,2021-10-31 05:37:46.157290
316,10,Duncan,BENTLEY,,,2021-09-15 03:11:14.575813
317,2,Myles,NEAL,mylesneal@gmail.com,123456821,2021-05-16 14:27:16.774419
318,1,Natalie,BRIGGS,nataliebriggs@icloud.com,123456888,2020-06-19 13:32:01.175302
319,10,Jade,ANDRADE,jade_andrade@hotmail.com,,2020-10-30 06:04:36.517876
320,10,Natalie,SMALL,natalie_small@hotmail.com,,2021-03-30 14:04:03.412525
321,2,Alana,MCCARTHY,alanamccarthy@icloud.com,123456800,2021-07-13 05:24:55.185565
322,1,Mason,HORNE,mason_horne@gmail.com,123456846,2021-02-02 15:08:14.917541
323,2,Rachael,FOSTER,rachael.foster@icloud.com,123456839,2020-12-11 19:28:28.625831
324,2,Linsey,NIELSEN,,123456880,2021-11-04 09:30:04.282421
325,2,Heidi,NUNEZ,,,2021-06-21 09:44:04.357415
326,2,Alyssa,RICHARD,alyssarichard@icloud.com,123456898,2021-10-13 03:49:45.858943
327,1,Willow,DORSEY,,,2020-12-06 19:33:00.361078
328,1,Greg,PARRA,,123456833,2021-05-17 05:09:47.128955
329,1,Courtney,PARRA,,123456832,2021-07-05 00:13:19.082752
330,1,Amanda,BRIGGS,amanda.briggs@icloud.com,123456887,2021-08-04 07:24:05.100027
331,2,Ben,MERCADO,,123456804,2020-08-11 15:59:53.490272
332,10,Pauline,MURILLO,,,2021-10-07 19:50:40.095231
333,1,Linsey,MCGEE,linsey.mcgee@icloud.com,,2021-06-04 21:16:47.181197
334,2,Robbie,LAMBERT,,123456806,2021-08-12 11:19:32.451487
335,1,Anna,STONE,annastone@gmail.com,,2021-06-25 16:21:06.686672
336,1,Linsey,NIELSEN,linsey.nielsen@yahoo.com,,2020-07-04 05:25:43.969541
337,10,Euan,BISHOP,euanbishop@gmail.com,123456911,2020-06-18 23:09:50.111357
338,1,Antony,HAYNES,,123456854,2020-10-05 13:07:14.525701
339,10,Anna,STONE,annastone@gmail.com,,2021-03-12 03:30:31.218128
340,1,Amy,MADDEN,amymadden@yahoo.com,123456879,2020-12-15 22:52:26.675926
341,2,Cole,JENSEN,,,2021-05-27 23:37:49.363030
342,1,Kyle,NUNEZ,kyle_nunez@icloud.com,123456856,2021-10-03 01:24:24.973040
343,1,Sonny,MERCADO,sonny_mercado@hotmail.com,123456805,2021-09-10 20:39:54.811353
344,2,Scott,LIU,scott_liu@yahoo.com,123456817,2020-09-26 21:02:27.181036
345,2,Courtney,PARRA,,123456832,2021-10-09 03:54:46.309704
346,2,Nicolle,KNOX,nicolleknox@hotmail.com,,2020-08-02 11:42:53.550373
347,2,Scott,NIELSEN,scottnielsen@yahoo.com,123456882,2021-09-28 12:53:11.569194
348,1,Campbell,RIVERS,campbell_rivers@hotmail.com,123456843,2021-03-03 16:26:47.869286
349,10,Thomas,MURILLO,,123456909,2021-08-14 14:04:11.915679
350,2,Quinn,MAGANA,quinnmagana@yahoo.com,123456838,2020-11-02 19:45:12.096309
351,10,Kayden,BOYER,kayden_boyer@icloud.com,123456815,2020-12-10 13:27:37.949953
352,10,Stewart,MURILLO,stewartmurillo@gmail.com,123456828,2020-09-04 16:35:25.517212
353,2,Kayden,BOYER,kayden_boyer@icloud.com,123456815,2020-10-26 10:41:03.785305
354,1,Sophia,NUNEZ,,123456857,2020-09-29 04:55:32.083122
355,2,Greg,PARRA,greg_parra@yahoo.com,,2021-04-01 07:32:29.718805
356,2,Clare,MACDONALD,,123456829,2021-09-15 20:14:35.696696
357,10,Aoife,OWENS,aoifeowens@yahoo.com,123456900,2020-12-14 07:34:05.208771
358,1,Natalie,SMALL,,123456877,2021-10-01 20:00:20.470253
359,10,Calvin,LIU,,123456819,2020-12-31 12:20:58.467509
360,10,Adrian,JARAMILLO,adrian.jaramillo@gmail.com,,2020-07-30 09:40:42.032058
361,1,Amy,MADDEN,amymadden@yahoo.com,123456879,2021-09-11 11:08:15.758497
362,10,Olivia,LIU,,123456816,2020-06-08 06:53:33.463147
363,2,Nicolle,KNOX,,,2021-06-13 21:27:21.881200
364,1,Scott,LIU,scott_liu@yahoo.com,123456817,2021-03-31 22:03:06.841119
365,10,Frank,CLARKE,frank_clarke@yahoo.com,123456896,2020-06-16 14:50:51.315484
366,2,Luca,MACK,lucamack@icloud.com,123456845,2021-09-15 03:57:08.434700
367,10,Lena,SMALL,lena.small@gmail.com,,2020-06-22 10:15:04.852536
368,1,Elijah,DALTON,,,2020-09-02 19:08:58.972150
369,10,Amelia,DORSEY,,123456871,2021-10-13 06:34:03.929937
370,1,Barrie,MCCARTHY,,123456801,2021-08-07 03:03:18.197182
371,2,Amelia,DORSEY,amelia.dorsey@yahoo.com,123456871,2021-01-03 04:56:46.388188
372,1,Rachel,BARTLETT,rachelbartlett@hotmail.com,123456796,2020-05-10 21:12:18.863382
373,2,Isaac,RAY,isaacray@gmail.com,123456863,2020-07-15 22:46:52.381365
374,2,Nicola,MADDEN,,,2021-02-24 13:21:13.899685
375,10,Jenna,MCCARTHY,jenna.mccarthy@gmail.com,123456799,2021-06-02 04:04:57.533944
376,1,Alana,OCONNELL,alanaoconnell@icloud.com,123456844,2021-05-25 00:18:02.127260
377,1,Heidi,NUNEZ,heidi.nunez@gmail.com,123456858,2021-03-03 03:52:10.504857
378,1,Quinn,MAGANA,,,2021-07-27 03:02:01.357814
379,2,Matthew,BARTLETT,matthewbartlett@gmail.com,,2021-01-09 09:24:51.204082
380,10,Alexander,LAMBERT,,123456808,2021-04-13 10:52:53.829992
381,1,Sophie,MCFARLAND,sophie_mcfarland@yahoo.com,123456841,2021-02-25 13:03:13.030416
382,2,Lena,SMALL,lena.small@gmail.com,123456876,2021-07-23 13:55:24.591924
383,2,Alana,MCCARTHY,alanamccarthy@icloud.com,123456800,2021-05-03 23:57:33.334287
384,2,Adele,NORTON,adele.norton@yahoo.com,123456860,2021-10-14 01:26:49.452271
385,2,Scott,NIELSEN,,123456882,2020-05-30 21:16:30.198832
386,2,Kyle,NUNEZ,kyle_nunez@icloud.com,123456856,2020-08-29 20:38:15.023847
387,1,Alana,MCCARTHY,alanamccarthy@icloud.com,123456800,2021-04-01 10:56:39.891451
388,1,Frank,CLARKE,frank_clarke@yahoo.com,,2021-11-06 03:37:00.154531
389,10,Sara,GIBSON,saragibson@icloud.com,123456847,2020-05-09 23:33:10.194506
390,1,Taylor,NEAL,taylorneal@yahoo.com,,2021-07-02 05:36:14.775536
391,1,Sonny,MERCADO,,,2021-01-17 07:28:29.242346
392,2,Kayden,BOYER,kayden_boyer@icloud.com,123456815,2020-08-31 16:53:27.479393
393,10,Natalie,SMALL,natalie_small@hotmail.com,123456877,2020-10-19 23:46:25.429836
394,1,Kerry,BOYER,kerryboyer@yahoo.com,,2020-06-01 10:22:37.445537
395,2,Amy,MADDEN,amymadden@yahoo.com,,2021-08-02 04:17:16.394605
396,2,Amelia,DORSEY,,,2020-08-23 02:30:00.171828
397,2,Harvey,SMALL,,123456874,2021-01-19 06:10:13.101990
398,10,Willow,DORSEY,willowdorsey@hotmail.com,123456873,2021-09-20 09:30:48.393621
399,1,Indie,PITTS,indie.pitts@icloud.com,123456837,2020-11-13 00:35:24.794263
400,2,Antony,HAYNES,antonyhaynes@gmail.com,123456854,2020-10-23 15:45:26.075813
401,10,Linsey,MCGEE,,123456825,2020-05-17 03:42:03.856168
402,1,Gerard,KRAMER,,123456850,2021-08-29 11:05:17.662493
403,1,Clare,MACDONALD,claremacdonald@icloud.com,123456829,2021-06-03 05:29:25.383660
404,1,Sadie,RAY,sadie.ray@hotmail.com,123456864,2021-06-08 04:58:28.488893
405,2,Rhiannon,DORSEY,rhiannon.dorsey@hotmail.com,123456870,2021-04-10 20:13:36.713817
406,10,Anna,STONE,annastone@gmail.com,123456884,2021-05-18 20:40:55.245967
407,1,Ellen,HAYNES,,123456853,2020-06-04 17:00:43.211643
408,2,Lyndsey,BERNAL,,123456793,2020-10-26 11:51:49.126242
409,10,Arlo,BALDWIN,arlo.baldwin@hotmail.com,123456902,2020-06-02 00:26:19.552839
410,1,Kai,PARRA,kaiparra@icloud.com,123456831,2021-03-11 02:31:29.992975
411,10,Nicolle,KNOX,nicolleknox@hotmail.com,,2021-06-30 03:44:32.869548
412,1,Patrick,MERCADO,,123456803,2020-10-11 00:43:25.929558
413,10,Imogen,FRANKLIN,imogenfranklin@gmail.com,123456842,2020-09-02 19:34:55.549298
414,1,Hazel,FARLEY,hazel_farley@icloud.com,123456913,2021-05-02 13:40:20.590788
415,1,Elijah,DALTON,elijah_dalton@icloud.com,123456914,2021-03-07 00:51:32.677865
416,10,Logan,NUNEZ,,,2021-10-04 06:41:17.621077
417,2,Sophie,MCFARLAND,sophie_mcfarland@yahoo.com,123456841,2020-09-24 10:27:55.665676
418,10,Heidi,NUNEZ,heidi.nunez@gmail.com,123456858,2020-08-20 21:56:59.287280
419,1,Duncan,BENTLEY,duncan.bentley@gmail.com,,2021-10-09 04:10:50.475705
420,1,Kim,SHAFFER,kim_shaffer@icloud.com,,2021-04-20 02:54:08.233870
421,1,Blake,SHAFFER,blake_shaffer@yahoo.com,123456866,2021-01-23 13:54:59.768908
422,10,Sarah,GAINES,sarah_gaines@gmail.com,123456908,2020-10-12 04:01:39.735279
423,10,Maya,GLOVER,mayaglover@hotmail.com,123456848,2020-05-04 06:29:29.491136
424,10,Kaiden,SHAH,,123456903,2020-08-24 06:37:11.101004
425,10,Jill,BOYER,jill_boyer@icloud.com,123456812,2021-10-21 10:19:49.127375
426,10,Cora,LIU,coraliu@gmail.com,123456818,2020-12-28 19:31:04.068766
427,1,Ben,MERCADO,ben_mercado@gmail.com,123456804,2020-05-20 10:00:50.258513
428,2,Steven,PARRA,steven_parra@hotmail.com,123456835,2021-11-15 17:15:43.836791
429,1,Lucas,NEAL,,123456823,2021-03-09 16:42:49.503058
430,2,Luca,MACK,lucamack@icloud.com,,2020-10-28 20:33:15.849778
431,10,Mason,HORNE,,,2021-03-06 14:49:10.644170
432,2,Greig,SHAFFER,greig.shaffer@hotmail.com,123456868,2020-10-28 09:22:36.430180
433,10,Hannah,DORSEY,hannah_dorsey@gmail.com,123456872,2021-04-29 00:21:21.765265
434,1,Indie,PITTS,indie.pitts@icloud.com,123456837,2020-11-13 05:09:16.396442
435,2,Elijah,DALTON,,123456914,2021-07-01 09:22:38.370028
436,10,Scott,LIU,,123456817,2021-04-29 04:33:34.213673
437,10,Kim,SHAFFER,kim_shaffer@icloud.com,123456867,2021-11-03 07:23:52.268331
438,2,Taylor,RAY,,123456862,2021-06-14 16:05:29.286614
439,10,Jade,ANDRADE,jade_andrade@hotmail.com,123456912,2020-10-29 06:16:18.841297
440,1,Natalie,BRIGGS,nataliebriggs@icloud.com,123456888,2020-11-10 19:47:01.551535
441,2,Hannah,DORSEY,,123456872,2021-07-01 20:22:39.696109
442,10,Rachael,FOSTER,rachael.foster@icloud.com,123456839,2020-11-06 14:28:33.220820
443,2,Indie,PITTS,indie.pitts@icloud.com,123456837,2021-02-04 07:43:12.978813
444,2,Sonny,MERCADO,sonny_mercado@hotmail.com,,2020-10-19 14:27:31.769677
445,1,Hazel,FARLEY,,123456913,2021-09-17 21:58:31.307467
446,1,Scott,NIELSEN,scottnielsen@yahoo.com,123456882,2020-09-03 19:24:20.973136
447,1,Pauline,MURILLO,paulinemurillo@yahoo.com,,2021-07-20 19:38:21.243947
448,10,Linsey,MCGEE,linsey.mcgee@icloud.com,,2020-05-04 21:29:44.412009
449,10,Rhiannon,DORSEY,rhiannon.dorsey@hotmail.com,123456870,2021-07-26 03:51:13.359392
450,1,Nicola,MADDEN,nicola_madden@gmail.com,,2020-09-30 01:49:42.357359
451,2,Kaitlin,JENSEN,kaitlin.jensen@gmail.com,123456792,2020-11-01 16:36:20.782190
452,10,Orla,STONE,,123456883,2021-11-09 09:10:44.428006
453,1,Sarah,GAINES,,123456908,2021-01-04 03:16:11.425363
454,10,Gary,LAMBERT,,123456809,2020-10-25 21:58:45.147267
455,10,Conner,REYES,,123456899,2021-11-17 06:02:11.362576
456,2,Grayson,LIU,grayson_liu@yahoo.com,123456820,2020-12-12 15:48:42.612481
457,1,Natalie,BRIGGS,nataliebriggs@icloud.com,123456888,2021-04-04 23:14:02.177293
458,1,Heidi,NUNEZ,heidi.nunez@gmail.com,123456858,2020-07-30 06:16:16.322876
459,2,Hallie,NEAL,,,2020-08-07 16:54:16.192196
460,1,Imogen,FRANKLIN,imogenfranklin@gmail.com,123456842,2020-09-20 01:32:12.331960
461,10,Alexander,LAMBERT,,,2020-11-24 21:02:05.649583
462,1,Calvin,LIU,calvin_liu@gmail.com,123456819,2021-02-07 20:16:21.322597
463,2,Elijah,DALTON,elijah_dalton@icloud.com,123456914,2020-06-09 16:49:28.537401
464,2,Arlo,BALDWIN,arlo.baldwin@hotmail.com,,2021-09-21 08:54:46.678663
465,1,Isaac,MACDONALD,,,2021-02-15 16:35:13.771534
466,10,Natalie,SMALL,natalie_small@hotmail.com,123456877,2021-11-13 05:57:24.207912
467,1,Matthew,BARTLETT,matthewbartlett@gmail.com,123456795,2020-12-17 11:55:52.280411
468,2,Cole,JENSEN,,,2020-07-11 02:01:56.531702
469,10,Gerard,KRAMER,gerard_kramer@gmail.com,123456850,2021-02-02 21:35:36.717359
470,1,Jane,BOWEN,,123456852,2020-11-08 22:09:59.213668
471,1,Thomas,MURILLO,thomas.murillo@icloud.com,123456909,2021-07-02 12:15:23.648664
472,10,Roy,MARKS,roy.marks@gmail.com,123456897,2020-12-24 02:59:50.834362
473,2,Patrick,MERCADO,,123456803,2021-04-29 03:43:03.856527
474,1,Robbie,LAMBERT,,123456806,2021-11-17 04:56:57.417000
475,1,Alba,STEWART,albastewart@hotmail.com,123456895,2021-08-23 02:30:53.751376
476,2,Jake,NORTON,jake.norton@icloud.com,123456861,2021-04-29 22:02:01.914591
477,10,Barrie,BRIGGS,,123456885,2021-04-26 20:10:31.693229
478,1,Blake,SHAFFER,blake_shaffer@yahoo.com,,2021-10-19 02:41:10.989908
479,1,Lucas,NEAL,lucas.neal@icloud.com,123456823,2021-03-22 21:28:43.718812
480,1,Jade,ANDRADE,,123456912,2021-04-19 03:25:16.731794
481,10,Ronan,WEBSTER,ronanwebster@gmail.com,123456910,2021-11-19 15:46:04.915869
482,1,Amy,MADDEN,amymadden@yahoo.com,123456879,2021-07-29 04:32:05.054906
483,1,Amelia,DORSEY,,123456871,2020-10-01 11:49:36.089528
484,2,Imogen,FRANKLIN,,,2021-11-07 15:14:38.088349
485,1,Blake,SHAFFER,blake_shaffer@yahoo.com,123456866,2020-05-22 11:53:53.306306
486,10,Alexander,LAMBERT,alexander_lambert@icloud.com,,2021-08-14 20:06:08.604774
487,2,Scott,LIU,scott_liu@yahoo.com,,2020-06-26 00:53:04.678827
488,1,Myles,NEAL,,,2020-07-12 04:50:34.894507
489,10,Alba,STEWART,albastewart@hotmail.com,123456895,2021-09-23 01:45:00.230365
490,1,Campbell,RIVERS,,123456843,2020-12-12 14:45:43.971391
491,10,Linsey,NIELSEN,linsey.nielsen@yahoo.com,123456880,2020-12-09 05:02:55.340949
492,2,Katherine,ANDERSEN,,123456851,2021-06-01 19:40:46.601624
493,1,Ellen,HAYNES,ellen_haynes@icloud.com,,2021-01-10 17:09:51.116023
494,10,Anne,MCGEE,anne_mcgee@gmail.com,,2021-08-18 13:37:18.189326
495,10,Patrick,MERCADO,patrickmercado@hotmail.com,123456803,2020-08-17 12:15:07.475563
496,10,Pauline,MURILLO,paulinemurillo@yahoo.com,,2021-05-15 08:42:58.188891
497,2,Anne,MCGEE,anne_mcgee@gmail.com,,2021-03-12 09:16:27.477958
498,1,Alan,PARRA,alan_parra@yahoo.com,,2020-09-13 03:06:22.097226
499,1,Amelia,DORSEY,,123456871,2021-06-30 12:07:18.779901
